index,bookFrom,bookTo,date,timestamp,userID,roomID
1,16:00:00,17:00:00,5/3/2021,5/3/2021 13:30,0,7
2,17:00:00,18:00:00,5/3/2021,5/3/2021 13:32,0,7
3,17:00:00,12:00:00,5/3/2021,5/3/2021 13:32,0,7
4,17:00:00,12:00:00,5/3/2021,5/3/2021 13:32,0,7
5,17:00:00,12:00:00,5/3/2021,5/3/2021 13:32,0,7
6,17:00:00,12:00:00,5/3/2021,5/3/2021 13:32,0,7
7,17:00:00,12:00:00,5/3/2021,5/3/2021 13:32,0,7
8,17:00:00,12:00:00,5/3/2021,5/3/2021 13:32,0,7
9,17:00:00,12:00:00,5/3/2021,5/3/2021 13:32,0,7
10,17:00:00,12:00:00,5/3/2021,5/3/2021 13:32,0,7
11,17:00:00,12:00:00,5/3/2021,5/3/2021 13:32,0,7
12,17:00:00,12:00:00,5/3/2021,5/3/2021 13:32,0,7
13,17:00:00,12:00:00,5/3/2021,5/3/2021 13:33,0,7
14,17:00:00,12:00:00,5/3/2021,5/3/2021 13:33,0,7
15,17:00:00,12:00:00,5/3/2021,5/3/2021 13:33,0,7
16,17:00:00,12:00:00,5/3/2021,5/3/2021 13:33,0,7
17,17:00:00,12:00:00,5/3/2021,5/3/2021 13:33,0,7
18,17:00:00,12:00:00,5/3/2021,5/3/2021 13:33,0,7
19,20:00:00,21:00:00,5/3/2021,5/3/2021 13:56,0,7
20,20:00:00,21:00:00,5/3/2021,5/3/2021 13:59,0,7
21,20:00:00,21:00:00,5/3/2021,5/3/2021 14:00,0,7
22,21:01:00,22:01:00,5/3/2021,5/3/2021 14:01,0,7
23,21:01:00,22:01:00,5/3/2021,5/3/2021 14:01,0,7
24,21:01:00,22:01:00,5/3/2021,5/3/2021 14:01,0,7
25,3:10:00,4:20:00,5/3/2021,5/3/2021 14:28,1,8
26,3:10:00,4:00:00,5/3/2021,5/3/2021 14:29,1,8
27,3:10:00,4:00:00,5/3/2021,5/3/2021 14:29,1,8
28,12:22:03,13:22:03,5/4/2021,5/4/2021 12:22,0,7
29,12:22:14,13:22:14,5/4/2021,5/4/2021 12:22,0,7
30,12:22:16,13:22:16,5/4/2021,5/4/2021 12:22,0,7
31,12:22:17,13:22:17,5/4/2021,5/4/2021 12:22,0,7
32,12:22:19,13:22:19,5/4/2021,5/4/2021 12:22,0,7
33,17:00:00,18:00:00,5/4/2021,5/4/2021 12:25,0,7
34,17:00:00,18:00:00,5/4/2021,5/4/2021 12:25,0,7
35,17:00:00,18:00:00,5/4/2021,5/4/2021 12:25,0,7
36,17:00:00,18:00:00,5/4/2021,5/4/2021 12:25,0,7
37,21:01:00,22:01:00,5/4/2021,5/4/2021 13:03,0,7
38,21:01:00,22:01:00,5/4/2021,5/4/2021 13:03,0,7
39,21:01:00,22:01:00,5/4/2021,5/4/2021 13:03,0,7
40,14:17:22,15:00:00,5/5/2021,5/5/2021 14:17,0,7
41,14:17:24,15:00:00,5/5/2021,5/5/2021 14:17,0,7
42,14:17:25,15:00:00,5/5/2021,5/5/2021 14:17,0,7
43,14:17:26,15:00:00,5/5/2021,5/5/2021 14:17,0,7
44,14:17:26,15:00:00,5/5/2021,5/5/2021 14:17,0,7
45,14:17:26,15:00:00,5/5/2021,5/5/2021 14:17,0,7
46,14:17:26,15:00:00,5/5/2021,5/5/2021 14:17,0,7
47,14:17:26,15:00:00,5/5/2021,5/5/2021 14:17,0,7
48,21:01:00,22:01:00,5/5/2021,5/5/2021 15:57,0,7
49,21:01:00,22:01:00,5/5/2021,5/5/2021 17:53,0,7
50,21:01:00,22:01:00,5/5/2021,5/5/2021 17:53,0,7
58,18:30:00,19:00:00,5/5/2021,5/5/2021 21:12,0,7
60,18:30:00,19:00:00,5/7/2021,5/6/2021 11:55,0,7
68,1:05:00,2:10:00,5/6/2021,5/6/2021 12:26,1,7
69,4:30:00,4:35:00,5/6/2021,5/6/2021 12:27,1,7
70,1:10:00,2:20:00,5/6/2021,5/6/2021 12:31,1,7
71,18:30:00,19:00:00,5/7/2021,5/6/2021 12:32,0,7
72,18:30:00,19:00:00,5/7/2021,5/6/2021 12:32,0,7
73,19:30:00,20:00:00,5/7/2021,5/6/2021 12:33,0,7
74,12:05:00,12:10:00,5/6/2021,5/6/2021 12:37,1,7
75,8:00:00,8:10:00,5/6/2021,5/6/2021 12:38,1,7
76,1:05:00,2:15:00,5/7/2021,5/6/2021 16:14,1,8
77,2:30:00,3:30:00,5/6/2021,5/6/2021 16:18,1,7
78,1:10:00,2:20:00,5/7/2021,5/6/2021 17:43,1,9
79,0:10:00,0:10:00,5/6/2021,5/6/2021 17:43,1,7
80,0:10:00,0:20:00,5/6/2021,5/6/2021 17:43,1,7
81,0:00:00,0:20:00,5/6/2021,5/6/2021 17:44,1,7
82,1:10:00,4:20:00,5/7/2021,5/7/2021 11:50,1,8
83,12:05:00,12:45:00,5/7/2021,5/7/2021 12:02,1,7
84,11:00:00,12:00:00,5/7/2021,5/7/2021 12:02,1,8
85,13:00:00,13:30:00,5/7/2021,5/7/2021 12:02,1,9
86,12:30:00,13:00:00,5/7/2021,5/7/2021 12:07,8,0
87,12:30:00,13:00:00,5/7/2021,5/7/2021 12:07,9,0
88,12:30:00,13:00:00,5/7/2021,5/7/2021 12:08,9,1
89,12:30:00,13:00:00,5/7/2021,5/7/2021 12:10,1,9
90,13:00:00,14:30:00,5/7/2021,5/7/2021 12:54,1,9
91,3:05:00,4:10:00,5/8/2021,5/7/2021 13:32,1,7
92,1:00:00,2:05:00,5/7/2021,5/7/2021 16:18,1,7
93,2:10:00,3:20:00,5/7/2021,5/7/2021 16:43,1,7
94,1:00:00,2:00:00,5/10/2021,5/10/2021 0:29,1,8
95,1:05:00,2:10:00,5/10/2021,5/10/2021 10:44,1,7
96,5:00:00,6:00:00,5/10/2021,5/10/2021 10:46,1,7
97,0:05:00,1:05:00,5/11/2021,5/10/2021 11:02,1,7
98,0:05:00,1:10:00,5/12/2021,5/12/2021 14:56,1,7
99,6:10:00,9:30:00,5/14/2021,5/14/2021 12:21,1,7
100,0:00:00,1:00:00,5/14/2021,5/14/2021 12:23,1,7
101,1:10:00,2:10:00,5/14/2021,5/14/2021 12:23,1,7
102,6:10:00,7:10:00,5/14/2021,5/14/2021 12:24,1,8
103,2:10:00,2:30:00,5/15/2021,5/14/2021 12:26,1,7
104,4:00:00,5:00:00,5/15/2021,5/14/2021 12:29,1,8
105,4:00:00,5:00:00,5/15/2021,5/14/2021 12:29,1,8
106,4:05:00,5:05:00,5/15/2021,5/14/2021 12:30,1,8
