index,people,doorOpen,doorLocked,timestamp,peopleAllowd
1,4,0,1,5/3/2021 14:34,
2,4,0,0,5/3/2021 14:34,
3,4,1,0,5/3/2021 14:34,
4,5,1,0,5/3/2021 14:34,
5,5,0,1,5/3/2021 14:34,
6,5,0,0,5/3/2021 14:34,
7,5,0,1,5/3/2021 14:34,
8,5,0,0,5/3/2021 14:34,
9,5,0,1,5/3/2021 14:34,
10,5,0,0,5/3/2021 14:34,
11,5,1,0,5/3/2021 14:34,
12,5,0,0,5/3/2021 14:34,
13,5,1,0,5/3/2021 14:34,
14,5,0,0,5/3/2021 14:34,
15,5,1,0,5/3/2021 14:34,
16,5,0,0,5/3/2021 14:34,
17,5,1,0,5/3/2021 14:34,
18,5,0,0,5/3/2021 14:34,
19,5,1,0,5/3/2021 14:34,
20,5,0,0,5/3/2021 14:34,
21,5,1,0,5/3/2021 14:34,
22,5,0,0,5/3/2021 14:34,
23,5,1,0,5/3/2021 14:34,
24,5,0,0,5/3/2021 14:34,
25,5,1,0,5/3/2021 14:34,
26,5,0,0,5/3/2021 14:34,
27,5,1,0,5/3/2021 14:34,
28,4,1,0,5/3/2021 14:34,
29,0,0,1,5/3/2021 14:34,
30,0,0,0,5/3/2021 14:34,
31,0,0,1,5/3/2021 14:34,
32,0,0,0,5/3/2021 14:34,
33,0,1,0,5/3/2021 14:34,
34,1,1,0,5/3/2021 14:34,
35,2,1,0,5/3/2021 14:34,
36,3,1,0,5/3/2021 14:34,
37,4,1,0,5/3/2021 14:34,
38,5,1,0,5/3/2021 14:34,
39,6,1,0,5/3/2021 14:34,
40,7,1,0,5/3/2021 14:34,
41,8,1,0,5/3/2021 14:34,
42,9,1,0,5/3/2021 14:34,
43,10,1,0,5/3/2021 14:34,
44,11,1,0,5/3/2021 14:34,
45,10,1,0,5/3/2021 14:34,
46,9,1,0,5/3/2021 14:34,
47,0,0,1,5/3/2021 14:45,
48,0,1,0,5/3/2021 14:45,
49,1,1,0,5/3/2021 14:45,
50,2,1,0,5/3/2021 14:45,
51,3,1,0,5/3/2021 14:45,
52,3,0,1,5/3/2021 14:45,
53,3,1,0,5/3/2021 14:45,
54,4,1,0,5/3/2021 14:45,
55,5,1,0,5/3/2021 14:45,
56,6,1,0,5/3/2021 14:45,
57,6,0,0,5/3/2021 14:45,
58,6,1,0,5/3/2021 14:45,
59,7,1,0,5/3/2021 14:45,
60,8,1,0,5/3/2021 14:45,
61,8,0,0,5/3/2021 14:45,
62,8,1,0,5/3/2021 14:45,
63,9,1,0,5/3/2021 14:45,
64,9,0,1,5/3/2021 14:46,
65,9,1,0,5/3/2021 14:46,
66,9,0,0,5/3/2021 14:46,
67,9,1,0,5/3/2021 14:46,
68,10,1,0,5/3/2021 14:46,
69,10,0,0,5/3/2021 14:46,
70,10,1,0,5/3/2021 14:46,
71,11,1,0,5/3/2021 14:46,
72,12,1,0,5/3/2021 14:46,
73,13,1,0,5/3/2021 14:46,
74,13,0,0,5/3/2021 14:46,
75,13,1,0,5/3/2021 14:46,
76,13,0,0,5/3/2021 14:46,
77,13,1,0,5/3/2021 14:46,
78,13,0,0,5/3/2021 14:47,
79,13,1,0,5/3/2021 14:47,
80,14,1,0,5/3/2021 14:47,
81,14,0,0,5/3/2021 14:47,
82,14,1,0,5/3/2021 14:47,
83,15,1,0,5/3/2021 14:47,
84,14,1,0,5/3/2021 14:47,
85,14,0,1,5/3/2021 14:47,
86,14,1,0,5/3/2021 14:47,
87,15,1,0,5/3/2021 14:47,
88,15,0,1,5/3/2021 14:47,
89,15,1,0,5/3/2021 14:47,
90,14,1,0,5/3/2021 14:47,
91,15,1,0,5/3/2021 14:47,
92,16,1,0,5/3/2021 14:47,
93,16,0,0,5/3/2021 14:47,
94,16,1,0,5/3/2021 14:47,
95,16,0,1,5/3/2021 14:47,
96,16,1,0,5/3/2021 14:47,
97,15,1,0,5/3/2021 14:47,
98,15,0,0,5/3/2021 14:47,
99,15,1,0,5/3/2021 14:47,
100,14,1,0,5/3/2021 14:47,
101,14,0,1,5/3/2021 14:47,
102,14,1,0,5/3/2021 14:47,
103,14,0,1,5/3/2021 14:47,
104,14,1,0,5/3/2021 14:47,
105,14,0,1,5/3/2021 14:48,
106,14,1,0,5/3/2021 14:48,
107,15,1,0,5/3/2021 14:48,
108,16,1,0,5/3/2021 14:49,
109,0,0,1,5/3/2021 14:51,
110,0,1,0,5/3/2021 14:51,
111,0,0,1,5/3/2021 14:51,
112,0,1,0,5/3/2021 14:51,
113,1,1,0,5/3/2021 14:51,
114,1,0,0,5/3/2021 14:51,
115,1,1,0,5/3/2021 14:51,
116,2,1,0,5/3/2021 14:51,
117,2,0,0,5/3/2021 14:51,
118,2,1,0,5/3/2021 14:51,
119,2,0,0,5/3/2021 14:51,
120,2,1,0,5/3/2021 14:51,
121,3,1,0,5/3/2021 14:51,
122,0,0,1,5/3/2021 14:55,
123,0,1,0,5/3/2021 14:55,
124,0,0,1,5/3/2021 14:55,
125,0,1,0,5/3/2021 14:55,
126,0,0,1,5/3/2021 14:55,
127,0,1,0,5/3/2021 14:55,
128,0,0,1,5/3/2021 14:56,
129,0,0,0,5/3/2021 14:56,
130,0,0,1,5/3/2021 14:56,
131,0,0,0,5/3/2021 14:56,
132,0,1,0,5/3/2021 14:56,
133,0,0,0,5/3/2021 14:56,
134,0,1,0,5/3/2021 14:56,
135,0,0,0,5/3/2021 14:56,
136,0,1,0,5/3/2021 14:56,
137,0,0,0,5/3/2021 14:56,
138,0,1,0,5/3/2021 14:56,
139,0,0,0,5/3/2021 14:56,
140,0,1,0,5/3/2021 14:56,
141,0,0,1,5/3/2021 15:00,
142,0,1,0,5/3/2021 15:00,
143,0,0,0,5/3/2021 15:00,
144,1,1,0,5/3/2021 15:01,
145,1,0,1,5/3/2021 15:01,
146,1,0,0,5/3/2021 15:01,
147,1,0,1,5/3/2021 15:01,
148,2,1,0,5/3/2021 15:02,
149,2,0,1,5/3/2021 15:02,
150,2,1,0,5/3/2021 15:02,
151,2,0,1,5/3/2021 15:03,
152,2,1,0,5/3/2021 15:03,
153,2,0,1,5/3/2021 15:04,
154,2,1,0,5/3/2021 15:04,
155,2,0,1,5/3/2021 15:04,
156,2,1,0,5/3/2021 15:04,
157,1,1,0,5/3/2021 15:04,
158,1,0,0,5/3/2021 15:04,
159,1,1,0,5/3/2021 15:04,
160,1,0,1,5/3/2021 15:04,
161,1,0,0,5/3/2021 15:04,
162,2,1,0,5/3/2021 15:04,
163,2,0,0,5/3/2021 15:04,
164,2,1,0,5/3/2021 15:04,
165,3,1,0,5/3/2021 15:06,
166,3,0,0,5/3/2021 15:08,
167,3,1,0,5/3/2021 15:08,
168,3,0,1,5/3/2021 15:08,
169,3,1,0,5/3/2021 15:08,
170,0,0,1,5/3/2021 15:13,
171,0,1,0,5/3/2021 15:17,
172,0,0,0,5/3/2021 15:17,
173,0,1,0,5/3/2021 15:17,
174,0,0,1,5/3/2021 15:17,
175,0,1,0,5/3/2021 15:17,9
176,1,1,0,5/3/2021 15:17,9
177,2,1,0,5/3/2021 15:17,9
178,2,0,0,5/3/2021 15:18,9
179,2,0,1,5/3/2021 15:18,9
180,3,1,0,5/3/2021 15:18,9
181,4,1,0,5/3/2021 15:18,9
182,5,1,0,5/3/2021 15:18,9
183,6,1,0,5/3/2021 15:18,9
184,7,1,0,5/3/2021 15:18,9
185,8,1,0,5/3/2021 15:18,9
186,9,1,0,5/3/2021 15:18,9
187,10,1,0,5/3/2021 15:18,9
188,11,1,0,5/3/2021 15:19,9
189,10,1,0,5/3/2021 15:19,9
190,11,1,0,5/3/2021 15:19,9
191,10,1,0,5/3/2021 15:19,9
192,11,1,0,5/3/2021 15:19,9
193,10,1,0,5/3/2021 15:19,9
194,9,1,0,5/3/2021 15:19,9
195,8,1,0,5/3/2021 15:19,9
196,0,1,0,5/3/2021 15:26,9
197,0,0,0,5/3/2021 15:34,9
198,0,1,0,5/3/2021 15:34,9
199,0,0,0,5/3/2021 15:34,9
200,0,0,1,5/3/2021 15:34,9
201,0,0,0,5/3/2021 15:34,9
202,0,0,1,5/3/2021 15:34,9
203,0,0,0,5/3/2021 15:34,9
204,0,1,0,5/3/2021 15:35,9
205,0,0,0,5/3/2021 15:35,9
206,0,1,0,5/3/2021 15:35,9
207,0,0,0,5/3/2021 15:35,9
208,0,1,0,5/3/2021 15:35,9
209,0,0,0,5/3/2021 15:35,9
210,0,1,0,5/3/2021 15:35,9
211,0,0,0,5/3/2021 15:35,9
212,,1,1,5/3/2021 15:36,9
213,0,0,1,5/3/2021 15:36,9
214,0,0,0,5/3/2021 15:37,9
215,0,0,1,5/3/2021 15:37,9
216,0,0,0,5/3/2021 15:37,9
217,,1,0,5/3/2021 15:37,9
218,0,1,0,5/3/2021 15:37,9
219,0,0,0,5/3/2021 15:37,9
220,0,1,0,5/3/2021 15:37,9
221,0,0,0,5/3/2021 15:37,9
222,0,0,1,5/3/2021 15:37,9
223,0,0,0,5/3/2021 15:37,9
224,0,0,1,5/3/2021 15:38,9
225,0,0,0,5/3/2021 15:40,9
226,0,1,0,5/3/2021 15:40,9
227,1,1,0,5/3/2021 15:40,9
228,1,0,0,5/3/2021 15:40,9
229,1,1,0,5/3/2021 15:40,9
230,1,0,0,5/3/2021 15:40,9
231,1,0,1,5/3/2021 15:40,9
232,0,0,1,5/3/2021 15:43,9
233,0,0,0,5/3/2021 15:43,9
234,0,0,1,5/3/2021 15:43,9
235,0,0,0,5/3/2021 15:43,9
236,0,1,0,5/3/2021 15:43,9
237,0,0,0,5/3/2021 15:43,9
238,0,1,0,5/3/2021 15:43,9
239,1,1,0,5/3/2021 15:43,9
240,1,0,0,5/3/2021 15:44,9
241,1,0,1,5/3/2021 15:44,9
242,1,0,0,5/3/2021 15:44,9
243,1,0,1,5/3/2021 15:44,9
244,2,1,0,5/3/2021 15:44,9
245,2,0,0,5/3/2021 15:44,9
246,2,1,0,5/3/2021 15:45,9
247,2,0,1,5/3/2021 15:45,9
248,2,0,0,5/3/2021 15:45,9
249,2,0,1,5/3/2021 15:45,9
250,2,1,0,5/3/2021 15:45,9
251,,1,0,5/3/2021 15:46,9
252,None,1,0,5/3/2021 15:52,9
253,2,1,10,5/3/2021 15:55,
254,2,1,0,5/3/2021 15:56,9
255,2,1,0,5/3/2021 16:03,9
256,2,1,0,5/3/2021 16:04,9
257,2,1,0,5/3/2021 16:04,9
258,8,1,0,5/3/2021 16:05,9
259,0,1,0,5/4/2021 10:27,9
260,0,1,0,5/4/2021 10:29,9
261,0,1,0,5/4/2021 10:29,9
262,0,1,1,5/4/2021 10:29,9
263,0,0,1,5/4/2021 10:29,9
264,0,1,1,5/4/2021 10:29,9
265,0,0,1,5/4/2021 10:29,9
266,0,0,1,5/4/2021 10:30,9
267,0,0,0,5/4/2021 10:31,9
268,0,1,0,5/4/2021 10:31,9
269,0,0,0,5/4/2021 10:31,9
270,0,1,0,5/4/2021 10:31,9
271,0,0,0,5/4/2021 10:31,9
272,0,1,0,5/4/2021 10:31,9
273,0,0,0,5/4/2021 10:31,9
274,0,1,0,5/4/2021 10:31,9
275,0,0,1,5/4/2021 10:31,9
276,0,0,0,5/4/2021 10:31,9
277,0,1,0,5/4/2021 10:31,9
278,0,1,0,5/4/2021 10:31,9
279,0,0,0,5/4/2021 10:31,9
280,0,0,0,5/4/2021 10:31,9
281,0,1,0,5/4/2021 10:31,9
282,0,1,0,5/4/2021 10:31,9
283,0,0,0,5/4/2021 10:32,9
284,0,0,0,5/4/2021 10:32,9
285,0,1,0,5/4/2021 10:33,9
286,0,1,0,5/4/2021 10:33,9
287,0,0,0,5/4/2021 10:34,9
288,0,0,0,5/4/2021 10:34,9
289,0,0,1,5/4/2021 10:34,9
290,0,0,1,5/4/2021 10:34,9
291,0,0,0,5/4/2021 10:38,9
292,0,1,0,5/4/2021 10:38,9
293,0,0,0,5/4/2021 10:38,9
294,0,1,0,5/4/2021 10:38,9
295,0,0,0,5/4/2021 10:38,9
296,0,1,0,5/4/2021 10:38,9
297,0,0,0,5/4/2021 10:38,9
298,0,1,0,5/4/2021 10:38,9
299,0,1,0,5/4/2021 10:38,9
300,0,1,0,5/4/2021 10:38,9
301,0,0,0,5/4/2021 10:39,9
302,0,1,0,5/4/2021 10:39,9
303,0,0,0,5/4/2021 10:39,9
304,0,0,1,5/4/2021 10:39,9
305,0,0,0,5/4/2021 10:39,9
306,0,0,1,5/4/2021 10:39,9
307,0,0,0,5/4/2021 10:39,9
308,0,1,0,5/4/2021 10:40,9
309,0,0,0,5/4/2021 10:40,9
310,0,1,0,5/4/2021 10:40,9
311,0,0,1,5/4/2021 10:40,9
312,0,1,0,5/4/2021 10:40,9
313,0,0,1,5/4/2021 10:42,9
314,0,0,0,5/4/2021 10:44,9
315,0,0,0,5/4/2021 10:44,9
316,0,0,0,5/4/2021 10:44,9
317,0,0,1,5/4/2021 10:44,9
318,0,0,0,5/4/2021 10:44,9
319,0,0,1,5/4/2021 10:44,9
320,0,0,0,5/4/2021 10:44,9
321,0,0,1,5/4/2021 10:44,9
322,0,0,0,5/4/2021 10:44,9
323,0,1,0,5/4/2021 10:44,9
324,0,0,0,5/4/2021 10:44,9
325,0,1,0,5/4/2021 10:44,9
326,0,0,0,5/4/2021 10:44,9
327,0,0,1,5/4/2021 10:44,9
328,0,0,0,5/4/2021 10:45,9
329,0,0,1,5/4/2021 10:45,9
330,0,0,1,5/4/2021 10:45,9
331,0,0,0,5/4/2021 10:45,9
332,0,0,1,5/4/2021 10:45,9
333,0,0,0,5/4/2021 10:45,9
334,0,0,1,5/4/2021 10:45,9
335,0,0,1,5/4/2021 10:46,9
336,0,0,1,5/4/2021 10:46,9
337,0,0,1,5/4/2021 10:46,9
338,0,0,1,5/4/2021 10:48,9
339,0,0,0,5/4/2021 10:48,9
340,0,1,0,5/4/2021 10:48,9
341,0,0,0,5/4/2021 10:48,9
342,0,1,0,5/4/2021 10:48,9
343,0,1,0,5/4/2021 10:51,9
344,0,0,1,5/4/2021 10:51,9
345,0,0,0,5/4/2021 10:51,9
346,0,0,1,5/4/2021 10:51,9
347,0,0,0,5/4/2021 10:51,9
348,0,1,0,5/4/2021 10:51,9
349,0,0,0,5/4/2021 10:51,9
350,0,1,0,5/4/2021 10:51,9
351,0,0,0,5/4/2021 10:51,9
352,0,1,0,5/4/2021 10:51,9
353,0,1,0,5/4/2021 10:53,9
354,0,0,1,5/4/2021 10:53,9
355,0,0,0,5/4/2021 10:54,9
356,0,1,0,5/4/2021 10:54,9
357,0,0,0,5/4/2021 10:54,9
358,0,1,0,5/4/2021 10:54,9
359,0,0,0,5/4/2021 10:54,9
360,0,0,1,5/4/2021 10:54,9
361,0,0,0,5/4/2021 10:54,9
362,0,0,1,5/4/2021 10:54,9
363,0,0,0,5/4/2021 10:54,9
364,0,0,1,5/4/2021 10:54,9
365,0,0,0,5/4/2021 10:54,9
366,0,0,1,5/4/2021 10:54,9
367,0,0,0,5/4/2021 10:54,9
368,0,0,1,5/4/2021 10:54,9
369,0,0,0,5/4/2021 10:54,9
370,0,1,0,5/4/2021 10:54,9
371,0,0,0,5/4/2021 10:54,9
372,0,0,1,5/4/2021 10:54,9
373,0,0,0,5/4/2021 10:54,9
374,0,1,0,5/4/2021 10:54,9
375,0,0,0,5/4/2021 10:54,9
376,0,1,0,5/4/2021 10:54,9
377,0,0,0,5/4/2021 10:54,9
378,0,0,1,5/4/2021 10:54,9
379,0,0,1,5/4/2021 10:57,9
380,0,0,0,5/4/2021 10:57,9
381,0,0,1,5/4/2021 10:57,9
382,0,0,0,5/4/2021 10:57,9
383,0,1,0,5/4/2021 10:57,9
384,0,0,0,5/4/2021 10:57,9
385,0,1,0,5/4/2021 10:57,9
386,0,0,0,5/4/2021 10:57,9
387,0,0,1,5/4/2021 10:57,9
388,0,0,0,5/4/2021 10:57,9
389,0,1,0,5/4/2021 10:57,9
390,0,0,0,5/4/2021 10:57,9
391,0,1,0,5/4/2021 10:57,9
392,0,0,0,5/4/2021 10:57,9
393,0,0,0,5/4/2021 10:57,9
394,0,0,0,5/4/2021 10:57,9
395,0,0,0,5/4/2021 10:57,9
396,0,1,0,5/4/2021 10:58,9
397,0,0,0,5/4/2021 10:58,9
398,0,1,0,5/4/2021 10:58,9
399,0,0,0,5/4/2021 10:58,9
400,0,0,1,5/4/2021 10:58,9
401,0,0,0,5/4/2021 10:58,9
402,0,1,0,5/4/2021 10:58,9
403,0,0,1,5/4/2021 10:58,9
404,0,0,0,5/4/2021 10:58,9
405,0,1,0,5/4/2021 10:58,9
406,0,1,0,5/4/2021 11:00,9
407,0,1,0,5/4/2021 11:02,9
408,0,0,1,5/4/2021 11:02,9
409,0,0,0,5/4/2021 11:02,9
410,0,1,0,5/4/2021 11:02,9
411,0,0,0,5/4/2021 11:02,9
412,0,1,0,5/4/2021 11:02,9
413,0,0,0,5/4/2021 11:02,9
414,0,1,0,5/4/2021 11:02,9
415,0,0,1,5/4/2021 11:02,9
416,0,0,0,5/4/2021 11:02,9
417,0,0,1,5/4/2021 11:02,9
418,0,0,1,5/4/2021 11:04,9
419,0,0,1,5/4/2021 11:06,9
420,0,0,0,5/4/2021 11:06,9
421,0,1,0,5/4/2021 11:06,9
422,0,0,0,5/4/2021 11:06,9
423,0,1,0,5/4/2021 11:06,9
424,0,0,0,5/4/2021 11:06,9
425,0,1,0,5/4/2021 11:06,9
426,0,0,1,5/4/2021 11:06,9
427,0,0,0,5/4/2021 11:06,9
428,0,1,0,5/4/2021 11:06,9
429,0,0,1,5/4/2021 11:06,9
430,0,1,0,5/4/2021 11:06,9
431,0,0,1,5/4/2021 11:07,9
432,0,1,0,5/4/2021 11:07,9
433,1,1,0,5/4/2021 11:07,9
434,1,0,0,5/4/2021 11:07,9
435,1,1,0,5/4/2021 11:07,9
436,0,1,0,5/4/2021 11:08,9
437,0,1,0,5/4/2021 11:10,9
438,0,0,1,5/4/2021 11:10,9
439,0,0,0,5/4/2021 11:10,9
440,0,1,0,5/4/2021 11:10,9
441,0,0,0,5/4/2021 11:10,9
442,0,1,0,5/4/2021 11:10,9
443,0,0,1,5/4/2021 11:10,9
444,0,1,0,5/4/2021 11:10,9
445,0,1,0,5/4/2021 11:13,9
446,0,1,0,5/4/2021 11:14,9
447,0,0,1,5/4/2021 11:15,9
448,0,0,0,5/4/2021 11:15,9
449,0,0,1,5/4/2021 11:15,9
450,0,0,0,5/4/2021 11:15,9
451,0,1,0,5/4/2021 11:15,9
452,0,0,0,5/4/2021 11:15,9
453,0,1,0,5/4/2021 11:15,9
454,0,0,0,5/4/2021 11:15,9
455,0,0,1,5/4/2021 11:15,9
456,0,1,0,5/4/2021 11:15,9
457,0,0,0,5/4/2021 11:16,9
458,0,1,0,5/4/2021 11:16,9
459,0,0,0,5/4/2021 11:16,9
460,0,0,1,5/4/2021 11:16,9
461,0,1,0,5/4/2021 11:16,9
462,0,1,0,5/4/2021 11:17,9
463,0,1,0,5/4/2021 11:19,9
464,0,1,0,5/4/2021 11:22,9
465,0,1,0,5/4/2021 11:25,9
466,0,0,0,5/4/2021 11:25,9
467,0,1,0,5/4/2021 11:25,9
468,0,0,1,5/4/2021 11:25,9
469,0,1,0,5/4/2021 11:25,9
470,0,0,1,5/4/2021 11:25,9
471,0,0,0,5/4/2021 11:25,9
472,0,1,0,5/4/2021 11:25,9
473,0,0,0,5/4/2021 11:25,9
474,0,1,0,5/4/2021 11:25,9
475,0,0,1,5/4/2021 11:25,9
476,0,1,0,5/4/2021 11:25,9
477,0,1,0,5/4/2021 11:25,9
478,0,1,0,5/4/2021 11:26,9
479,0,0,0,5/4/2021 11:26,9
480,0,0,0,5/4/2021 11:26,9
481,0,0,1,5/4/2021 11:26,9
482,0,0,1,5/4/2021 11:26,9
483,0,1,0,5/4/2021 11:26,9
484,0,1,0,5/4/2021 11:26,9
485,1,1,0,5/4/2021 11:29,9
486,0,1,0,5/4/2021 11:30,9
487,1,1,0,5/4/2021 11:30,9
488,2,1,0,5/4/2021 11:30,9
489,1,1,0,5/4/2021 11:30,9
490,2,1,0,5/4/2021 11:30,9
491,0,1,0,5/4/2021 11:38,9
492,0,0,1,5/4/2021 11:39,9
493,0,0,0,5/4/2021 11:39,9
494,0,0,1,5/4/2021 11:39,9
495,0,0,0,5/4/2021 11:39,9
496,0,0,1,5/4/2021 11:39,9
497,0,0,0,5/4/2021 11:39,9
498,0,0,1,5/4/2021 11:41,9
499,0,0,1,5/4/2021 11:41,9
500,0,0,0,5/4/2021 11:42,9
501,0,1,0,5/4/2021 11:42,9
502,0,0,1,5/4/2021 11:42,9
503,0,0,1,5/4/2021 11:42,9
504,0,0,0,5/4/2021 11:42,9
505,0,1,0,5/4/2021 11:42,9
506,0,0,1,5/4/2021 11:42,9
507,0,0,1,5/4/2021 11:42,9
508,0,1,0,5/4/2021 11:46,9
509,0,1,0,5/4/2021 11:46,9
510,0,0,1,5/4/2021 11:46,9
511,0,0,1,5/4/2021 11:46,9
512,0,1,0,5/4/2021 11:46,9
513,0,1,0,5/4/2021 11:46,9
514,0,1,0,5/4/2021 11:46,9
515,0,0,1,5/4/2021 11:46,9
516,0,0,1,5/4/2021 11:46,9
517,0,0,1,5/4/2021 11:47,9
518,0,1,0,5/4/2021 11:47,9
519,0,1,0,5/4/2021 11:47,9
520,0,0,1,5/4/2021 11:47,9
521,0,0,1,5/4/2021 11:47,9
522,0,1,0,5/4/2021 11:47,9
523,0,1,0,5/4/2021 11:47,9
524,0,0,1,5/4/2021 11:47,9
525,0,0,1,5/4/2021 11:47,9
526,0,1,0,5/4/2021 11:47,9
527,0,1,0,5/4/2021 11:47,9
528,0,0,1,5/4/2021 11:47,9
529,0,0,1,5/4/2021 11:47,9
530,0,1,0,5/4/2021 11:47,9
531,0,1,0,5/4/2021 11:47,9
532,0,0,1,5/4/2021 11:50,9
533,0,0,1,5/4/2021 11:50,9
534,0,1,0,5/4/2021 11:50,9
535,0,0,1,5/4/2021 11:50,9
536,0,0,1,5/4/2021 11:50,9
537,0,1,0,5/4/2021 11:50,9
538,0,1,0,5/4/2021 11:50,9
539,0,0,1,5/4/2021 11:50,9
540,0,0,1,5/4/2021 11:50,9
541,0,1,0,5/4/2021 11:50,9
542,0,0,1,5/4/2021 11:50,9
543,0,1,0,5/4/2021 11:50,9
544,0,1,0,5/4/2021 11:50,9
545,0,0,1,5/4/2021 11:50,9
546,0,0,1,5/4/2021 11:50,9
547,0,1,0,5/4/2021 11:50,9
548,0,1,0,5/4/2021 11:50,9
549,0,1,0,5/4/2021 11:50,9
550,0,0,1,5/4/2021 11:50,9
551,0,0,1,5/4/2021 11:50,9
552,0,1,0,5/4/2021 11:51,9
553,0,1,0,5/4/2021 11:51,9
554,0,1,0,5/4/2021 11:51,9
555,0,0,0,5/4/2021 11:51,9
556,0,0,1,5/4/2021 11:51,9
557,0,1,0,5/4/2021 11:51,9
558,0,1,0,5/4/2021 11:51,9
559,0,0,1,5/4/2021 11:52,9
560,0,0,1,5/4/2021 11:52,9
561,0,1,0,5/4/2021 11:52,9
562,0,1,0,5/4/2021 11:52,9
563,0,0,1,5/4/2021 11:52,9
564,0,0,1,5/4/2021 11:52,9
565,0,0,1,5/4/2021 11:52,9
566,0,1,0,5/4/2021 11:52,9
567,0,1,0,5/4/2021 11:52,9
568,0,1,0,5/4/2021 11:56,9
569,0,1,0,5/4/2021 11:57,9
570,0,1,0,5/4/2021 11:58,9
571,0,0,1,5/4/2021 11:58,9
572,0,0,1,5/4/2021 11:58,9
573,0,0,1,5/4/2021 11:58,9
574,0,1,0,5/4/2021 11:58,9
575,0,1,0,5/4/2021 11:58,9
576,0,0,1,5/4/2021 11:58,9
577,0,0,1,5/4/2021 11:58,9
578,0,1,0,5/4/2021 11:58,9
579,0,1,0,5/4/2021 11:58,9
580,0,0,1,5/4/2021 11:58,9
581,0,0,1,5/4/2021 11:58,9
582,0,0,0,5/4/2021 11:58,9
583,0,0,1,5/4/2021 11:58,9
584,0,0,1,5/4/2021 11:58,9
585,0,0,1,5/4/2021 11:58,9
586,0,1,0,5/4/2021 11:59,9
587,0,1,0,5/4/2021 11:59,9
588,1,1,0,5/4/2021 11:59,9
589,0,1,0,5/4/2021 11:59,9
590,0,0,1,5/4/2021 11:59,9
591,0,0,1,5/4/2021 11:59,9
592,0,1,0,5/4/2021 11:59,9
593,0,1,0,5/4/2021 11:59,9
594,0,0,0,5/4/2021 11:59,9
595,0,0,1,5/4/2021 11:59,9
596,0,0,1,5/4/2021 11:59,9
597,0,1,0,5/4/2021 11:59,9
598,0,1,0,5/4/2021 11:59,9
599,1,1,0,5/4/2021 12:00,9
600,2,1,0,5/4/2021 12:00,9
601,3,1,0,5/4/2021 12:00,9
602,4,1,0,5/4/2021 12:00,9
603,5,1,0,5/4/2021 12:00,9
604,6,1,0,5/4/2021 12:00,9
605,7,1,0,5/4/2021 12:00,9
606,8,1,0,5/4/2021 12:00,9
607,9,1,0,5/4/2021 12:00,9
608,10,1,0,5/4/2021 12:00,9
609,9,1,0,5/4/2021 12:00,9
610,8,1,0,5/4/2021 12:00,9
611,7,1,0,5/4/2021 12:00,9
612,6,1,0,5/4/2021 12:00,9
613,5,1,0,5/4/2021 12:00,9
614,6,1,0,5/4/2021 12:00,9
615,5,1,0,5/4/2021 12:00,9
616,4,1,0,5/4/2021 12:00,9
617,3,1,0,5/4/2021 12:00,9
618,2,1,0,5/4/2021 12:00,9
619,3,1,0,5/4/2021 12:00,9
620,4,1,0,5/4/2021 12:00,9
621,5,1,0,5/4/2021 12:00,9
622,6,1,0,5/4/2021 12:01,9
623,7,1,0,5/4/2021 12:01,9
624,8,1,0,5/4/2021 12:01,9
625,9,1,0,5/4/2021 12:01,9
626,10,1,0,5/4/2021 12:01,9
627,9,1,0,5/4/2021 12:01,9
628,8,1,0,5/4/2021 12:01,9
629,7,1,0,5/4/2021 12:01,9
630,6,1,0,5/4/2021 12:01,9
631,5,1,0,5/4/2021 12:01,9
632,4,1,0,5/4/2021 12:01,9
633,3,1,0,5/4/2021 12:01,9
634,2,1,0,5/4/2021 12:01,9
635,1,1,0,5/4/2021 12:01,9
636,2,1,0,5/4/2021 12:01,9
637,2,0,0,5/4/2021 12:01,9
638,2,1,0,5/4/2021 12:01,9
639,2,0,1,5/4/2021 12:01,9
640,2,1,0,5/4/2021 12:01,9
641,1,1,0,5/4/2021 12:01,9
642,1,1,0,5/4/2021 12:02,9
643,0,1,0,5/4/2021 12:05,9
644,0,1,0,5/4/2021 12:07,9
645,0,0,1,5/4/2021 12:07,9
646,0,0,0,5/4/2021 12:07,9
647,0,0,1,5/4/2021 12:07,9
648,0,0,0,5/4/2021 12:07,9
649,0,0,1,5/4/2021 12:07,9
650,0,0,0,5/4/2021 12:07,9
651,0,0,1,5/4/2021 12:07,9
652,0,0,0,5/4/2021 12:08,9
653,0,0,1,5/4/2021 12:08,9
654,0,0,0,5/4/2021 12:08,9
655,0,1,0,5/4/2021 12:08,9
656,1,1,0,5/4/2021 12:08,9
657,2,1,0,5/4/2021 12:08,9
658,2,0,1,5/4/2021 12:08,9
659,2,0,0,5/4/2021 12:08,9
660,2,1,0,5/4/2021 12:08,9
661,3,1,0,5/4/2021 12:08,9
662,0,1,0,5/4/2021 12:08,9
663,0,1,0,5/4/2021 12:10,9
664,0,0,1,5/4/2021 12:10,9
665,0,0,0,5/4/2021 12:10,9
666,0,1,0,5/4/2021 12:10,9
667,0,0,0,5/4/2021 12:10,9
668,0,1,0,5/4/2021 12:10,9
669,0,0,0,5/4/2021 12:10,9
670,0,1,0,5/4/2021 12:10,9
671,0,0,0,5/4/2021 12:10,9
672,0,1,0,5/4/2021 12:10,9
673,0,0,0,5/4/2021 12:10,9
674,0,1,0,5/4/2021 12:10,9
675,0,0,0,5/4/2021 12:10,9
676,0,1,0,5/4/2021 12:10,9
677,0,0,0,5/4/2021 12:10,9
678,0,1,0,5/4/2021 12:10,9
679,0,0,0,5/4/2021 12:10,9
680,0,1,0,5/4/2021 12:10,9
681,0,0,0,5/4/2021 12:10,9
682,0,1,0,5/4/2021 12:10,9
683,0,0,0,5/4/2021 12:10,9
684,0,1,0,5/4/2021 12:10,9
685,0,0,0,5/4/2021 12:10,9
686,0,1,0,5/4/2021 12:10,9
687,0,0,0,5/4/2021 12:10,9
688,0,1,0,5/4/2021 12:10,9
689,0,0,0,5/4/2021 12:10,9
690,0,1,0,5/4/2021 12:10,9
691,0,0,0,5/4/2021 12:10,9
692,0,1,0,5/4/2021 12:10,9
693,0,0,0,5/4/2021 12:10,9
694,0,1,0,5/4/2021 12:10,9
695,0,0,0,5/4/2021 12:10,9
696,0,1,0,5/4/2021 12:10,9
697,0,0,0,5/4/2021 12:10,9
698,0,1,0,5/4/2021 12:10,9
699,0,0,0,5/4/2021 12:10,9
700,0,1,0,5/4/2021 12:10,9
701,0,0,0,5/4/2021 12:10,9
702,0,1,0,5/4/2021 12:10,9
703,0,0,0,5/4/2021 12:10,9
704,0,1,0,5/4/2021 12:10,9
705,0,0,0,5/4/2021 12:10,9
706,0,1,0,5/4/2021 12:10,9
707,1,1,0,5/4/2021 12:10,9
708,2,1,0,5/4/2021 12:10,9
709,3,1,0,5/4/2021 12:10,9
710,4,1,0,5/4/2021 12:10,9
711,5,1,0,5/4/2021 12:10,9
712,6,1,0,5/4/2021 12:10,9
713,7,1,0,5/4/2021 12:10,9
714,8,1,0,5/4/2021 12:10,9
715,9,1,0,5/4/2021 12:10,9
716,10,1,0,5/4/2021 12:10,9
717,9,1,0,5/4/2021 12:10,9
718,8,1,0,5/4/2021 12:12,9
719,9,1,0,5/4/2021 12:12,9
720,10,1,0,5/4/2021 12:12,9
721,9,1,0,5/4/2021 12:12,9
722,9,0,1,5/4/2021 12:12,9
723,9,0,1,5/4/2021 12:12,9
724,9,1,0,5/4/2021 12:12,9
725,9,1,0,5/4/2021 12:12,9
726,9,0,1,5/4/2021 12:12,9
727,9,0,1,5/4/2021 12:12,9
728,9,1,0,5/4/2021 12:13,9
729,9,0,1,5/4/2021 12:13,9
730,9,0,1,5/4/2021 12:13,9
731,9,1,0,5/4/2021 12:13,9
732,9,1,0,5/4/2021 12:13,9
733,8,1,0,5/4/2021 12:13,9
734,7,1,0,5/4/2021 12:13,9
735,7,0,0,5/4/2021 12:13,9
736,7,0,1,5/4/2021 12:13,9
737,7,1,0,5/4/2021 12:13,9
738,7,0,0,5/4/2021 12:13,9
739,7,1,0,5/4/2021 12:13,9
740,7,0,0,5/4/2021 12:13,9
741,7,1,0,5/4/2021 12:13,9
742,7,0,0,5/4/2021 12:13,9
743,7,1,0,5/4/2021 12:13,9
744,7,0,0,5/4/2021 12:13,9
745,7,1,0,5/4/2021 12:13,9
746,7,0,0,5/4/2021 12:13,9
747,0,0,0,5/4/2021 12:15,9
748,0,0,0,5/4/2021 12:16,9
749,0,0,1,5/6/2021 16:09,9
750,0,1,0,5/6/2021 16:11,9
751,1,1,1,5/6/2021 16:13,9
752,1,1,0,5/6/2021 16:13,9
753,0,1,0,5/7/2021 10:28,9
754,0,1,0,5/7/2021 10:30,9
755,0,0,0,5/7/2021 10:30,9
756,0,0,1,5/7/2021 10:30,9
757,0,0,1,5/7/2021 10:31,9
758,0,1,0,5/7/2021 10:31,9
759,0,1,0,5/7/2021 10:32,9
760,0,0,1,5/7/2021 10:32,9
761,0,0,1,5/7/2021 10:32,9
762,0,1,0,5/7/2021 10:32,9
763,0,1,0,5/7/2021 10:32,9
764,0,0,0,5/7/2021 10:32,9
765,0,0,0,5/7/2021 10:32,9
766,0,0,1,5/7/2021 10:33,9
767,0,0,1,5/7/2021 10:33,9
768,0,0,1,5/7/2021 10:34,9
769,0,0,0,5/7/2021 10:34,9
770,0,1,0,5/7/2021 10:34,9
771,1,1,0,5/7/2021 10:35,9
772,0,1,0,5/7/2021 10:35,9
773,0,1,0,5/7/2021 10:35,9
774,1,1,0,5/7/2021 10:36,9
775,2,1,0,5/7/2021 10:36,9
776,1,1,0,5/7/2021 10:36,9
777,2,1,0,5/7/2021 10:36,9
778,3,1,0,5/7/2021 10:36,9
779,3,0,1,5/7/2021 10:37,9
780,3,0,1,5/7/2021 10:37,9
781,3,0,0,5/7/2021 10:37,9
782,3,1,0,5/7/2021 10:37,9
783,4,1,0,5/7/2021 10:37,9
784,5,1,0,5/7/2021 10:37,9
785,6,1,0,5/7/2021 10:37,9
786,7,1,0,5/7/2021 10:37,9
787,8,1,0,5/7/2021 10:37,9
788,9,1,0,5/7/2021 10:37,9
789,10,1,0,5/7/2021 10:37,9
790,9,1,0,5/7/2021 10:37,9
791,9,0,0,5/7/2021 10:37,9
792,9,0,1,5/7/2021 10:37,9
793,9,0,0,5/7/2021 10:43,9
794,9,1,0,5/7/2021 10:43,9
795,9,0,0,5/7/2021 10:43,9
796,9,1,0,5/7/2021 10:43,9
797,9,0,0,5/7/2021 10:43,9
798,9,1,0,5/7/2021 10:43,9
799,9,0,0,5/7/2021 10:43,9
800,9,1,0,5/7/2021 10:43,9
801,9,0,0,5/7/2021 10:43,9
802,9,1,0,5/7/2021 10:43,9
803,9,0,0,5/7/2021 10:43,9
804,9,1,0,5/7/2021 10:43,9
805,9,0,0,5/7/2021 10:43,9
806,9,1,0,5/7/2021 10:43,9
807,9,0,0,5/7/2021 10:43,9
808,9,1,0,5/7/2021 10:43,9
809,9,0,0,5/7/2021 10:43,9
810,9,0,1,5/7/2021 10:43,9
811,9,0,0,5/7/2021 10:44,9
812,9,0,1,5/7/2021 10:44,9
813,9,0,0,5/7/2021 10:44,9
814,9,0,1,5/7/2021 10:44,9
815,9,0,0,5/7/2021 10:44,9
816,9,0,1,5/7/2021 10:44,9
817,9,0,0,5/7/2021 10:44,9
818,9,0,1,5/7/2021 10:44,9
819,9,0,0,5/7/2021 10:44,9
820,9,0,1,5/7/2021 10:44,9
821,9,0,0,5/7/2021 10:44,9
822,9,0,1,5/7/2021 10:44,9
823,9,0,0,5/7/2021 10:44,9
824,9,0,1,5/7/2021 10:44,9
825,9,0,0,5/7/2021 10:44,9
826,9,0,1,5/7/2021 10:44,9
827,9,0,0,5/7/2021 10:44,9
828,9,1,0,5/7/2021 10:44,9
829,9,0,0,5/7/2021 10:44,9
830,9,1,0,5/7/2021 10:44,9
831,9,0,0,5/7/2021 10:44,9
832,9,1,0,5/7/2021 10:44,9
833,9,0,0,5/7/2021 10:44,9
834,9,1,0,5/7/2021 10:44,9
835,9,0,0,5/7/2021 10:44,9
836,9,0,1,5/7/2021 10:44,9
837,9,1,0,5/7/2021 10:51,9
838,9,0,0,5/7/2021 10:51,9
839,9,1,0,5/7/2021 10:51,9
840,9,0,1,5/7/2021 10:51,9
841,9,1,0,5/7/2021 10:51,9
842,9,0,1,5/7/2021 15:20,11
843,9,1,0,5/7/2021 16:28,11
844,9,1,1,5/7/2021 16:28,11
845,0,0,1,5/14/2021 11:52,11
846,0,0,0,5/14/2021 11:52,11
847,0,1,0,5/14/2021 11:52,11
848,0,0,0,5/14/2021 11:52,11
849,0,1,0,5/14/2021 11:53,11
850,0,0,0,5/14/2021 11:53,11
851,0,1,0,5/14/2021 11:53,11
852,0,0,0,5/14/2021 11:53,11
853,0,1,0,5/14/2021 11:53,11
854,0,0,0,5/14/2021 11:53,11
855,0,1,0,5/14/2021 11:53,11
856,0,0,0,5/14/2021 11:53,11
857,0,1,0,5/14/2021 11:53,11
858,0,0,0,5/14/2021 11:53,11
859,0,0,1,5/14/2021 11:53,11
860,0,1,0,5/14/2021 11:53,11
861,0,0,0,5/14/2021 11:55,11
862,0,0,0,5/14/2021 11:55,11
863,0,1,0,5/14/2021 11:55,11
864,0,1,0,5/14/2021 11:55,11
865,0,1,1,5/14/2021 11:56,11
866,0,0,1,5/14/2021 11:56,11
867,0,1,0,5/14/2021 11:56,11
868,0,1,0,5/14/2021 11:56,11
869,0,1,0,5/14/2021 11:59,11
870,0,0,0,5/14/2021 12:01,11
871,0,0,1,5/14/2021 12:01,11
872,0,1,0,5/14/2021 12:01,11
873,0,0,1,5/14/2021 12:04,11
874,0,0,1,5/14/2021 12:04,11
875,0,0,0,5/14/2021 12:05,11
876,0,1,0,5/14/2021 12:05,11
877,1,1,0,5/14/2021 12:05,11
878,1,0,1,5/14/2021 12:05,4
879,1,0,0,5/14/2021 12:05,4
880,1,1,0,5/14/2021 12:05,4
881,0,1,0,5/14/2021 12:06,4
882,1,1,0,5/14/2021 12:06,4
883,2,1,0,5/14/2021 12:06,4
884,3,1,0,5/14/2021 12:06,4
885,2,1,0,5/14/2021 12:06,4
886,1,1,0,5/14/2021 12:06,4
887,0,1,0,5/14/2021 12:06,4
888,1,1,0,5/14/2021 12:06,4
889,2,1,0,5/14/2021 12:06,4
890,3,1,0,5/14/2021 12:06,4
891,4,1,0,5/14/2021 12:06,4
892,5,1,0,5/14/2021 12:06,4
893,4,1,0,5/14/2021 12:06,4
894,3,1,0,5/14/2021 12:06,4
895,2,1,0,5/14/2021 12:06,4
896,2,0,1,5/14/2021 12:07,4
897,2,0,0,5/14/2021 12:07,4
898,2,1,0,5/14/2021 12:07,4
899,2,0,0,5/14/2021 12:07,4
900,2,1,0,5/14/2021 12:07,4
901,2,0,0,5/14/2021 12:07,4
902,2,1,0,5/14/2021 12:07,4
903,2,0,0,5/14/2021 12:07,4
904,2,1,0,5/14/2021 12:07,4
905,2,0,0,5/14/2021 12:07,4
906,2,1,0,5/14/2021 12:07,4
907,2,0,0,5/14/2021 12:07,4
908,2,1,0,5/14/2021 12:07,4
909,2,0,0,5/14/2021 12:07,4
910,2,1,0,5/14/2021 12:07,4
911,2,0,0,5/14/2021 12:07,4
912,2,1,0,5/14/2021 12:07,4
913,2,0,0,5/14/2021 12:07,4
914,2,1,0,5/14/2021 12:07,4
915,2,0,0,5/14/2021 12:07,4
916,2,1,0,5/14/2021 12:07,4
917,2,0,1,5/14/2021 12:07,4
918,2,0,0,5/14/2021 12:08,4
919,2,1,0,5/14/2021 12:08,4
920,2,0,1,5/14/2021 12:08,4
921,2,1,0,5/14/2021 12:08,4
922,2,0,0,5/14/2021 12:08,4
923,2,1,0,5/14/2021 12:08,4
924,2,0,0,5/14/2021 12:08,4
925,2,1,0,5/14/2021 12:08,4
926,2,0,0,5/14/2021 12:08,4
927,2,0,1,5/14/2021 12:08,4
928,2,0,0,5/14/2021 12:08,4
929,2,0,1,5/14/2021 12:08,4
930,2,0,0,5/14/2021 12:08,4
931,2,0,1,5/14/2021 12:08,4
932,2,0,0,5/14/2021 12:08,4
933,2,1,0,5/14/2021 12:08,4
934,3,1,0,5/14/2021 12:08,4
935,4,1,0,5/14/2021 12:08,4
936,5,1,0,5/14/2021 12:08,4
937,4,1,0,5/14/2021 12:08,4
938,3,1,0,5/14/2021 12:08,4
939,2,1,0,5/14/2021 12:08,4
940,2,0,1,5/14/2021 12:08,4
941,2,0,0,5/14/2021 12:08,4
942,2,0,1,5/14/2021 12:09,4
943,2,0,0,5/14/2021 12:09,4
944,2,0,1,5/14/2021 12:09,4
945,2,0,0,5/14/2021 12:09,4
946,2,1,0,5/14/2021 12:09,4
947,1,1,0,5/14/2021 12:09,4
948,0,1,0,5/14/2021 12:09,4
949,1,1,0,5/14/2021 12:09,4
950,2,1,0,5/14/2021 12:09,4
951,2,0,1,5/14/2021 12:09,4
952,2,1,0,5/14/2021 12:09,4
953,2,0,0,5/14/2021 12:09,4
954,2,1,0,5/14/2021 12:09,4
955,2,0,1,5/14/2021 12:09,4
956,2,0,0,5/14/2021 12:10,4
957,2,1,0,5/14/2021 12:10,4
958,2,0,0,5/14/2021 12:10,4
959,2,1,0,5/14/2021 12:10,4
960,3,1,0,5/14/2021 12:10,4
961,4,1,0,5/14/2021 12:10,4
962,5,1,0,5/14/2021 12:10,4
963,4,1,0,5/14/2021 12:10,4
964,4,0,1,5/14/2021 12:10,4
965,4,0,0,5/14/2021 12:10,4
966,4,1,0,5/14/2021 12:10,4
967,5,1,0,5/14/2021 12:10,4
968,4,1,0,5/14/2021 12:10,4
969,4,0,1,5/14/2021 12:11,4
970,4,1,0,5/14/2021 12:11,4
971,4,0,1,5/14/2021 12:12,4
972,4,1,0,5/14/2021 12:12,4
973,4,1,0,5/14/2021 12:12,4
974,4,0,1,5/14/2021 12:13,4
975,4,1,0,5/14/2021 12:13,4
976,4,1,0,5/14/2021 12:13,4
977,4,0,0,5/14/2021 12:13,4
978,4,0,0,5/14/2021 12:13,4
979,4,0,1,5/14/2021 12:13,4
980,4,0,1,5/14/2021 12:13,4
981,4,1,0,5/14/2021 12:20,4
982,4,1,0,5/14/2021 12:20,4
